{
  "name": "MonitorWeatherWarningTemplate",
  "description": "気象警報・注意報を監視・取得するワークフローテンプレートです。",
  "main": "Main.xaml",
  "dependencies": {
    "UiPath.UIAutomation.Activities": "[18.4.5]",
    "UiPath.System.Activities": "[18.4.2]",
    "UiPath.Excel.Activities": "[2.5.1]",
    "UiPath.Mail.Activities": "[1.3.0]",
    "GetWeatherInfoFromJMA.Activities": "1.0.1",
    "UiPath.WebAPI.Activities": "[1.4.4]"
  },
  "schemaVersion": "3.2",
  "studioVersion": "18.4.6.0",
  "projectVersion": "1.0.0.0",
  "runtimeOptions": {
    "autoDispose": false,
    "excludedLoggedData": [
      "Private:*",
      "*password*"
    ]
  },
  "projectType": "Workflow",
  "libraryOptions": {
    "includeOriginalXaml": false,
    "privateWorkflows": []
  }
}