﻿{
    "//" : "RunMode: 0ならタイマーモード、1ならワンタイム実行",
    "RunMode" : "0",

    "//" : "DebugMode : Reserved",
    "DebugMode" : "0",

    "//" : "Interval: ATOMフィードを取得する間隔を指定する。単位：分",
    "Interval" : "5",

    "//" : "TimerPolingInterval: 時刻を監視する頻度を指定する。単位：秒",
    "TimerPolingInterval" : "5",

    "//" : "TerminateKey: 終了処理に遷移するキー名",
    "TerminateKey" : "Esc"
}